overwrite,,,,,,overwrite fallback,,,,,
func,sp,,,,,func,sp,,,,
j__memcpy,0x3f90,0x3f88,x30,0x104410,the next addr after BL j__memcpy in cmd_recv_data_usb,j__memcpy,0x3f30,0x3f28,x30,0x104410,the next addr after BL j__memcpy in cmd_recv_data_usb
j__memcpy,0x3f90,0x3f90,x29,0x3fa0,,j__memcpy,0x3f30,0x3f30,x29,0x3f40,
cmd_recv_data_usb,0x3fa0,0x3f98,x30,0x1047fc,the next addr after BLR X2 in send_init_usb,cmd_recv_data_usb,0x3f40,0x3f38,x30,0x1047fc,the next addr after BLR X2 in send_init_usb
cmd_recv_data_usb,0x3fa0,0x3fa0,x29,0x3fc0,,cmd_recv_data_usb,0x3f40,0x3f40,x29,0x3f60,
cmd_recv_data_usb,0x3fa0,0x3fa8,x20,0x4020,,cmd_recv_data_usb,0x3f40,0x3f48,x20,0x4020,
cmd_recv_data_usb,0x3fa0,0x3fb0,x19,0x4010,,cmd_recv_data_usb,0x3f40,0x3f50,x19,0x4010,
send_init_usb,0x3fc0,0x3fb8,x30,0x109708,the next addr after BL send_init_usb in main,send_init_usb,0x3f60,0x3f58,x30,0x1094f0,the next addr after BL send_init_usb in reopen_usbdl
send_init_usb,0x3fc0,0x3fc0,x29,0x4000,,send_init_usb,0x3f60,0x3f60,x29,0x3fa0,
send_init_usb,0x3fc0,0x3fc8,x20,,,send_init_usb,0x3f60,0x3f68,x20,,
send_init_usb,0x3fc0,0x3fd0,x19,,,send_init_usb,0x3f60,0x3f70,x19,,
send_init_usb,0x3fc0,0x3fd8,x22,,,send_init_usb,0x3f60,0x3f78,x22,,
send_init_usb,0x3fc0,0x3fe0,x21,,,send_init_usb,0x3f60,0x3f80,x21,,
send_init_usb,0x3fc0,0x3fe8,,,,send_init_usb,0x3f60,0x3f88,,,
send_init_usb,0x3fc0,0x3ff0,,,,send_init_usb,0x3f60,0x3f90,,,
main,0x4000,0x3ff8,x30,0,main no return,reopen_usbdl,0x3fa0,0x3f98,x30,,
main,0x4000,0x4000,x29,0,,reopen_usbdl,0x3fa0,0x3fa0,x29,0x3fb0,
,,,,,,verify_109514 or verify_1095c0,0x3fb0,0x3fa8,x30,0x1096f0,the next addr after BLR X0 in main
,,,,,,verify_109514 or verify_1095c0,0x3fb0,0x3fb0,x29,0x4000,
,,,,,,verify_109514 or verify_1095c0,0x3fb0,0x3fb8,x20,,
,,,,,,verify_109514 or verify_1095c0,0x3fb0,0x3fc0,x19,,
,,,,,,verify_109514 or verify_1095c0,0x3fb0,0x3fc8,x22,,
,,,,,,verify_109514 or verify_1095c0,0x3fb0,0x3fd0,x21,,
,,,,,,verify_109514 or verify_1095c0,0x3fb0,0x3fd8,x24,,
,,,,,,verify_109514 or verify_1095c0,0x3fb0,0x3fe0,x23,,
,,,,,,verify_109514 or verify_1095c0,0x3fb0,0x3fe8,,,
,,,,,,verify_109514 or verify_1095c0,0x3fb0,0x3ff0,x25,,
,,,,,,main,0x4000,0x3ff8,x30,0,
,,,,,,main,0x4000,0x4000,x29,0,
