overwrite,,,,,
func,sp,,,,
j__memcpy,0x3f90,0x3f88,x30,0x104410,the next addr after BL j__memcpy in cmd_recv_data_usb
j__memcpy,0x3f90,0x3f90,x29,0x3fa0,
cmd_recv_data_usb,0x3fa0,0x3f98,x30,0x1047fc,the next addr after BLR X2 in send_init_usb
cmd_recv_data_usb,0x3fa0,0x3fa0,x29,0x3fc0,
cmd_recv_data_usb,0x3fa0,0x3fa8,x20,0x4020,
cmd_recv_data_usb,0x3fa0,0x3fb0,x19,0x4010,
send_init_usb,0x3fc0,0x3fb8,x30,0x109708,the next addr after BL send_init_usb in main
send_init_usb,0x3fc0,0x3fc0,x29,0x4000,
send_init_usb,0x3fc0,0x3fc8,x20,,
send_init_usb,0x3fc0,0x3fd0,x19,,
send_init_usb,0x3fc0,0x3fd8,x22,,
send_init_usb,0x3fc0,0x3fe0,x21,,
send_init_usb,0x3fc0,0x3fe8,,,
send_init_usb,0x3fc0,0x3ff0,,,
main,0x4000,0x3ff8,x30,0,main no return
main,0x4000,0x4000,x29,0,
