overwrite,,,,,overwrite fallback,,,,
func,sp,,,,func,sp,,,
,,,,,j__memcpy,0x65012f40,0x65012f40,x29,0x65012f50
,,,,,j__memcpy,,0x65012f48,x30,0x21004594
,,,,,cmd_recv_data_usb,0x65012f50,0x65012f50,x29,0x65012f70
,,,,,cmd_recv_data_usb,,0x65012f58,x30,0x21004D74
,,,,,cmd_recv_data_usb,,0x65012f60,,
,,,,,cmd_recv_data_usb,,0x65012f68,,
,,,,,send_init_usb,0x65012f70,0x65012f70,x29,
,,,,,send_init_usb,,0x65012f78,x30,
j__memcpy,0x65012f80,0x65012f80,x29,0x65012f90,send_init_usb,,0x65012f80,,
j__memcpy,,0x65012f88,x30,0x21004594,send_init_usb,,0x65012f88,,
cmd_recv_data_usb,0x65012f90,0x65012f90,x29,0x65012fb0,send_init_usb,,0x65012f90,,
cmd_recv_data_usb,,0x65012f98,x30,0x21004D74,send_init_usb,,0x65012f98,,
cmd_recv_data_usb,,0x65012fa0,x19,,send_init_usb,,0x65012fa0,,
cmd_recv_data_usb,,0x65012fa8,x20,,send_init_usb,,0x65012fa8,,
send_init_usb,0x65012fb0,0x65012fb0,x29,,reopen_usbdl,,0x65012fb0,x29,
send_init_usb,,0x65012fb8,x30,,reopen_usbdl,,0x65012fb8,x30,
send_init_usb,,0x65012fc0,,,2100A9E8 or 2100AA5C,,0x65012fc0,x29,
send_init_usb,,0x65012fc8,,,2100A9E8 or 2100AA5C,,0x65012fc8,x30,
send_init_usb,,0x65012fd0,,,2100A9E8 or 2100AA5C,,0x65012fd0,,
send_init_usb,,0x65012fd8,,,2100A9E8 or 2100AA5C,,0x65012fd8,,
send_init_usb,,0x65012fe0,,,2100A9E8 or 2100AA5C,,0x65012fe0,,
send_init_usb,,0x65012fe8,,,2100A9E8 or 2100AA5C,,0x65012fe8,,
main,,0x65012ff0,x29,,main,,0x65012ff0,,
main,,0x65012ff8,x30,,main,,0x65012ff8,x30,
,,0x65013000,,,,,0x65013000,x29,
